{"count":1,"self":100.0751296,"total":264.77236819999996,"children":{"InitializeActuators":{"count":110,"self":0.0027186999999999997,"total":0.0027186999999999997,"children":null},"InitializeSensors":{"count":110,"self":0.0010111999999999999,"total":0.0010111999999999999,"children":null},"AgentSendState":{"count":3951,"self":0.9953248,"total":4.9857305,"children":{"CollectObservations":{"count":217360,"self":0.82897539999999992,"total":0.82897539999999992,"children":null},"WriteActionMask":{"count":217360,"self":0.26892469999999996,"total":0.26892469999999996,"children":null},"RequestDecision":{"count":217360,"self":1.1294187,"total":2.8925056,"children":{"AgentInfo.ToProto":{"count":217360,"self":0.63936739999999992,"total":1.7630869,"children":{"GenerateSensorData":{"count":217360,"self":1.1237195,"total":1.1237195,"children":null}}}}}}},"DecideAction":{"count":3951,"self":144.1467776,"total":144.1467768,"children":null},"AgentAct":{"count":3951,"self":15.026993599999999,"total":15.559989,"children":{"AgentInfo.ToProto":{"count":39378,"self":0.21227759999999998,"total":0.5329959,"children":{"GenerateSensorData":{"count":39378,"self":0.3207183,"total":0.3207183,"children":null}}}}}},"gauges":{"StackingGame4.CumulativeReward":{"count":39378,"max":50,"min":-8000,"runningAverage":-18.31631,"value":-8000,"weightedAverage":-7832.135}},"metadata":{"timer_format_version":"0.1.0","start_time_seconds":"1717669908","unity_version":"2022.3.20f1","command_line_arguments":"C:\\Program Files\\Unity\\Hub\\Editor\\2022.3.20f1\\Editor\\Unity.exe -projectpath D:\\Other\\Projects\\RiderProjects\\StackingFruits -useHub -hubIPC -cloudEnvironment production -licensingIpc LicenseClient-leode -hubSessionId 0c06538d-f2d2-4c47-917e-64d797168367 -accessToken I3hX8HOigxjD3s8gfTIGUPumld-mKVxukLNaK7xKUhc007f","communication_protocol_version":"1.5.0","com.unity.ml-agents_version":"2.0.1","scene_name":"TrainingScene","end_time_seconds":"1717670173"}}